ID	CD_MCA
2300006	2300001
2300001	2300001
2300010	2300001
2300007	2300001
2300009	2300001
2300008	2300001
2300003	2300001
2600001	2600001
3600081	3600001
1500013	1500001
1500011	1500002
3600128	3600002
3600068	3600002
3600178	3600003
3600260	3600004
3600301	3600005
3600006	3600006
3600224	3600006
3600111	3600006
1300002	1300001
3600255	3600007
3600062	3600008
3300005	3300001
3600189	3600009
3600036	3600010
3600058	3600011
3600200	3600012
3600237	3600013
3600053	3600014
1500001	1500003
3600192	3600015
0500002	0500001
2300004	2300002
0200005	0200001
0800003	0800001
3600146	3600016
3600139	3600017
3600286	3600017
3600295	3600018
3600203	3600019
1600001	1600001
3600241	3600020
3600188	3600021
3600137	3600021
3900001	3900001
3600235	3600022
3600127	3600022
3600187	3600023
3600314	3600023
3600134	3600024
3600033	3600024
3600263	3600024
3600229	3600025
3200008	3200001
3600216	3600026
3600214	3600027
3400001	3400001
2800001	2800001
3600259	3600028
3600123	3600028
3600024	3600028
2400009	2400001
3600273	3600029
1500007	1500004
3600049	3600030
3600112	3600031
3600193	3600032
3600264	3600033
3600072	3600034
3600218	3600035
0200007	0200002
3600051	3600036
3600075	3600037
3300002	3300002
3600104	3600038
3600298	3600039
2900001	2900001
3600240	3600040
3600132	3600041
2100004	2100001
3600010	3600042
3600262	3600043
3600227	3600044
3600284	3600045
3600069	3600046
3600195	3600047
3600243	3600048
0900001	0900001
3600166	3600049
2600002	2600002
2400012	2400002
2400007	2400002
0700004	0700001
0700003	0700002
3600092	3600050
3600070	3600051
3600251	3600052
3600272	3600052
3600043	3600052
3600100	3600052
3600103	3600053
2400001	2400003
3600048	3600054
1100002	1100001
3600308	3600055
3600097	3600055
3600307	3600056
3600319	3600056
3600199	3600057
3600077	3600058
3200003	3200002
3600154	3600059
3600316	3600060
3600037	3600061
3600198	3600061
3600269	3600062
0600002	0600001
0600003	0600001
1600002	1600002
0500001	0500002
3600117	3600063
3600131	3600064
3600318	3600065
3100001	3100001
3600180	3600066
3600143	3600067
3600245	3600068
3600055	3600068
3600161	3600069
1500004	1500005
1500003	1500005
1500005	1500005
1500006	1500005
2200003	2200001
2200002	2200001
0700005	0700003
1700002	1700001
3600085	3600070
3600213	3600071
3600071	3600071
3600150	3600072
3600086	3600073
3600138	3600074
1000001	1000001
1000003	1000001
3600076	3600075
3600108	3600075
3600254	3600076
3600152	3600077
2400008	2400004
2400006	2400004
3600313	3600078
1400001	1400001
3600113	3600079
3600303	3600079
3600226	3600080
3600034	3600081
3600096	3600081
3600030	3600082
3600315	3600083
3600020	3600084
3600019	3600084
3600119	3600085
3600102	3600085
3600266	3600086
3600204	3600087
3600121	3600088
3600026	3600089
3200009	3200003
3200007	3200003
3200001	3200003
3600265	3600090
3600186	3600091
3600088	3600092
0200006	0200003
3600190	3600093
2400002	2400005
2400010	2400005
3600144	3600094
3600309	3600094
3600094	3600095
3600063	3600096
3600282	3600097
3600106	3600098
3600136	3600098
3600170	3600099
3600222	3600100
3600003	3600101
3600001	3600101
1100001	1100002
3400002	3400002
3400003	3400002
3600124	3600102
3600074	3600103
3600050	3600104
3600079	3600105
3600232	3600106
3800002	3800001
3300007	3300003
3600141	3600107
0200004	0200004
3600114	3600108
3600115	3600109
3600142	3600110
3600219	3600111
1500012	1500006
1500009	1500006
3600093	3600112
3600065	3600113
0300001	0300001
3600181	3600114
3600294	3600114
3600253	3600115
3600293	3600116
3600290	3600116
2700003	2700001
3000001	3000001
3000002	3000002
3600008	3600117
3600116	3600118
3600292	3600119
0400003	0400001
1200003	1200001
1200002	1200001
3600066	3600120
3600267	3600121
3600133	3600122
3600168	3600123
3600159	3600124
3700001	3700001
1500002	1500007
3300004	3300004
1600003	1600003
3600089	3600125
3600098	3600126
1100003	1100003
3600169	3600127
3600175	3600128
2700001	2700002
3600157	3600129
3600017	3600130
3600107	3600131
3600005	3600132
3600278	3600133
3600242	3600134
3600205	3600135
3600176	3600136
3600196	3600137
3600160	3600138
3600247	3600139
0200001	0200005
3600087	3600140
3600073	3600141
3600007	3600142
2300002	2300003
3600220	3600143
3600125	3600143
3200002	3200004
3200004	3200004
3600212	3600144
3600064	3600145
3600156	3600145
3600027	3600145
3600300	3600145
3600184	3600145
3600183	3600146
3600046	3600147
3300003	3300005
0900002	0900002
3600067	3600148
3600244	3600149
3600173	3600150
3600040	3600150
3600305	3600151
3600230	3600151
3600228	3600151
0400002	0400002
3600018	3600152
3600239	3600153
3600029	3600154
2200001	2200002
2400003	2400006
2400005	2400006
3600238	3600155
3600109	3600156
3600233	3600157
3600025	3600157
3600270	3600158
3600023	3600159
1900001	1900001
3600310	3600160
3600145	3600161
3600135	3600162
3600249	3600163
3600164	3600164
3600302	3600165
3600236	3600166
1800002	1800001
3600258	3600167
3600202	3600168
3600056	3600169
3600223	3600170
3600191	3600171
3600090	3600172
3600014	3600173
3200005	3200005
3600215	3600174
2200004	2200003
3600234	3600175
1300003	1300002
3600082	3600176
3600158	3600177
3600167	3600178
1200001	1200002
3600035	3600179
3600194	3600180
3600283	3600181
3600250	3600181
3600044	3600182
3600225	3600183
3600129	3600184
2700002	2700003
3600140	3600185
3600042	3600186
3600281	3600187
3600099	3600188
3600013	3600189
3600057	3600190
3600312	3600191
3600299	3600192
3600296	3600192
3600177	3600193
3600297	3600194
1900002	1900002
3600162	3600195
3700003	3700002
3700004	3700002
3600147	3600196
3600208	3600197
3600209	3600198
3600172	3600198
3600252	3600199
2100002	2100002
3800001	3800002
3600148	3600200
3600174	3600201
3600279	3600202
3600289	3600203
3600311	3600204
3600248	3600204
1000002	1000002
3600011	3600205
0100001	0100001
3600211	3600206
0200003	0200006
0200002	0200006
0200008	0200006
2800002	2800002
2400004	2400007
2400011	2400007
0700002	0700004
3600153	3600207
3600280	3600208
3600210	3600209
3600038	3600210
3600032	3600210
3600122	3600211
3600054	3600212
3600288	3600213
0100003	0100002
3600101	3600214
3600047	3600215
3600256	3600216
2100003	2100003
3600317	3600217
3600291	3600218
3600285	3600219
3600151	3600220
3600201	3600221
3600118	3600221
3600060	3600222
3600028	3600222
3600182	3600223
3300001	3300006
3400004	3400003
3600268	3600224
3600274	3600225
3600257	3600226
3600021	3600227
3600171	3600228
3600155	3600229
3600275	3600229
3600091	3600229
3600163	3600230
3600105	3600231
3600039	3600232
3600304	3600233
3600130	3600234
3600080	3600234
0100002	0100003
3600041	3600235
3600045	3600236
3600052	3600237
3600287	3600238
3600246	3600238
0700001	0700005
3600217	3600239
3600221	3600240
0800001	0800002
3600306	3600241
1300001	1300003
0800002	0800003
1900003	1900003
1500008	1500008
3700002	3700003
1500010	1500009
3600185	3600242
3500001	3500001
3600083	3600243
0600004	0600002
0600001	0600002
3600016	3600244
3600022	3600244
3600012	3600245
1800001	1800002
3600084	3600246
3600078	3600247
1800003	1800003
3600004	3600248
3200006	3200006
0900003	0900003
3600197	3600249
3600231	3600250
2300005	2300004
3600179	3600251
3600031	3600252
3600276	3600253
3600206	3600254
3600277	3600255
3600271	3600256
0400001	0400003
3600015	3600257
2500001	2500001
3600061	3600258
3600149	3600259
3600261	3600260
3600059	3600260
3300006	3300007
3600126	3600261
2100001	2100004
3600165	3600262
1700001	1700002
3600120	3600263
3600002	3600264
3600095	3600265
3600110	3600266
3600207	3600267
3600009	3600268
2000001	2000001
